"","dayindex","dayofyear","day","year","mo","temp","dewp","NUM_COLLISIONS"
"2923",2923,1,5,2021,1,39.6,29.3,0.255158100354047
"2924",2924,2,6,2021,1,47.4,42.5,0.0835062873885973
"2926",2926,4,1,2021,1,41.2,37.8,0.185569527530216
"2927",2927,5,2,2021,1,38.7,36.1,0.120620192894641
"2928",2928,6,3,2021,1,37.4,31.2,0.0835062873885973
"2929",2929,7,4,2021,1,36.5,26.1,0.385056769625198
"2930",2930,8,5,2021,1,33.3,24.9,0.324746673177878
"2931",2931,9,6,2021,1,32.9,26.8,0.194848003906727
"2933",2933,11,1,2021,1,32.6,27.9,0.167012574777195
"2934",2934,12,2,2021,1,37,29.1,0.357221340495666
"2935",2935,13,3,2021,1,35.8,25.2,0.199487242094982
"2936",2936,14,4,2021,1,41.3,35.5,0.236601147601026
"2937",2937,15,5,2021,1,41.3,35.3,0.324746673177878
"2938",2938,16,6,2021,1,45.4,42.1,0.29227200586009
"2939",2939,17,7,2021,1,40.8,31,0.0371139055060433
"2940",2940,18,1,2021,1,42.6,31,0.106702478329874
"2941",2941,19,2,2021,1,35.8,23.9,0.273715053107069
"2942",2942,20,3,2021,1,34.7,25.5,0.236601147601026
"2943",2943,21,4,2021,1,30.9,20.6,0.227322671224515
"2944",2944,22,5,2021,1,36.5,28.4,0.241240385789281
"2945",2945,23,6,2021,1,32.2,19,0.227322671224515
"2948",2948,26,2,2021,1,31.9,23.4,0.28299352948358
"2949",2949,27,3,2021,1,34.6,33.8,0.278354291295324
"2950",2950,28,4,2021,1,35.3,34.5,0.278354291295324
"2954",2954,32,1,2021,2,33.7,29.5,0.17165181296545
"2955",2955,33,2,2021,2,41.8,41.6,0.167012574777195
"2956",2956,34,3,2021,2,34.1,31.9,0.204126480283238
"2957",2957,35,4,2021,2,33.3,27.6,0.347942864119155
"2958",2958,36,5,2021,2,37.2,34.4,0.57526553534367
"2959",2959,37,6,2021,2,38.9,31.7,0.338664387742644
"2960",2960,38,7,2021,2,35.1,31.2,0.190208765718472
"2961",2961,39,1,2021,2,27.6,20.5,0.459284580637285
"2963",2963,41,3,2021,2,29.4,23.4,0.357221340495666
"2966",2966,44,6,2021,2,27.6,18.2,0.0371139055060433
"2968",2968,46,1,2021,2,37,36.1,0.0278354291295325
"2969",2969,47,2,2021,2,42.7,42.7,0.0510316200708095
"2970",2970,48,3,2021,2,32.6,21.3,0.17165181296545
"2971",2971,49,4,2021,2,29.2,19.5,0.250518862165792
"2972",2972,50,5,2021,2,33.1,32,0
"2973",2973,51,6,2021,2,31.5,28.4,0.255158100354047
"2975",2975,53,1,2021,2,32.4,25.3,0.199487242094982
"2976",2976,54,2,2021,2,38.5,35.3,0.176291051153705
"2977",2977,55,3,2021,2,39.9,34.1,0.301550482236601
"2978",2978,56,4,2021,2,42.9,31.8,0.310828958613112
"2979",2979,57,5,2021,2,34.7,16.7,0.459284580637285
"2980",2980,58,6,2021,2,39.1,33.4,0.0974240019533635
"2981",2981,59,7,2021,2,41.6,38.8,0.046392381882554
"2982",2982,60,1,2021,3,43.5,43,0.102063240141619
"2984",2984,62,3,2021,3,38.2,26,0.194848003906727
"2985",2985,63,4,2021,3,39.3,32.2,0.278354291295324
"2986",2986,64,5,2021,3,30.2,9.5,0.482480771578562
"2987",2987,65,6,2021,3,31,14.7,0.227322671224515
"2988",2988,66,7,2021,3,28.7,15.7,0.0649493346355757
"2989",2989,67,1,2021,3,32.6,22.7,0.222683433036259
"2990",2990,68,2,2021,3,42.1,34.7,0.450006104260774
"2991",2991,69,3,2021,3,39.7,33.9,0.102063240141619
"2992",2992,70,4,2021,3,45.1,42.4,0.394335246001709
"2993",2993,71,5,2021,3,47.8,44.1,0.630936393602735
"2994",2994,72,6,2021,3,39.1,23.1,0.23196190941277
"2995",2995,73,7,2021,3,39.8,25.1,0.194848003906727
"2997",2997,75,2,2021,3,28.4,14.5,0.162373336588939
"2998",2998,76,3,2021,3,38.5,29.9,0.190208765718472
"2999",2999,77,4,2021,3,41.4,40.2,0.194848003906727
"3000",3000,78,5,2021,3,33.6,26.3,0.496398486143328
"3001",3001,79,6,2021,3,37.9,27.9,0.375778293248687
"3002",3002,80,7,2021,3,40.8,35.9,0.273715053107069
"3003",3003,81,1,2021,3,46.2,36.4,0.431449151507752
"3004",3004,82,2,2021,3,51.1,45.3,0.375778293248687
"3005",3005,83,3,2021,3,47.2,45.6,0.306189720424857
"3006",3006,84,4,2021,3,51.9,50.6,0.255158100354047
"3007",3007,85,5,2021,3,51.3,51.3,0.621657917226224
"3008",3008,86,6,2021,3,49.9,40.6,0.570626297155414
"3010",3010,88,1,2021,3,47.9,35.9,0.176291051153705
"3011",3011,89,2,2021,3,43.7,35.5,0.366499816872177
"3012",3012,90,3,2021,3,51.3,48.1,0.380417531436943
"3013",3013,91,4,2021,4,48.2,47.6,0.28299352948358
"3014",3014,92,5,2021,4,37.1,25.3,0.375778293248687
"3015",3015,93,6,2021,4,36.6,23.4,0.366499816872177
"3016",3016,94,7,2021,4,46.3,30.8,0.264436576730558
"3017",3017,95,1,2021,4,45.9,36.2,0.306189720424857
"3018",3018,96,2,2021,4,47.5,39,0.538151629837627
"3019",3019,97,3,2021,4,50.2,43.4,0.468563057013795
"3020",3020,98,4,2021,4,47,42.7,0.501037724331583
"3021",3021,99,5,2021,4,47.6,43.2,0.366499816872177
"3022",3022,100,6,2021,4,44.4,43.1,0.426809913319497
"3023",3023,101,7,2021,4,48.2,47.3,0.0603100964473203
"3024",3024,102,1,2021,4,45.3,39.7,0.287632767671835
"3025",3025,103,2,2021,4,45.5,39.2,0.552069344402393
"3026",3026,104,3,2021,4,46.1,37.9,0.431449151507752
"3027",3027,105,4,2021,4,43.8,37.3,0.315468196801367
"3028",3028,106,5,2021,4,43.8,40.8,0.445366866072518
"3029",3029,107,6,2021,4,42,37.1,0.29227200586009
"3030",3030,108,7,2021,4,47.2,38.8,0.259797338542303
"3031",3031,109,1,2021,4,50.9,43.1,0.547430106214137
"3032",3032,110,2,2021,4,50.3,44.5,0.51495543889635
"3033",3033,111,3,2021,4,53.4,48.6,0.375778293248687
"3034",3034,112,4,2021,4,43,29,0.23196190941277
"3035",3035,113,5,2021,4,45.1,27.1,0.719081919179587
"3036",3036,114,6,2021,4,51.1,40.3,0.459284580637285
"3037",3037,115,7,2021,4,47.9,44.8,0.329385911366133
"3038",3038,116,1,2021,4,49.9,36.9,0.454645342449029
"3039",3039,117,2,2021,4,48.1,33.1,0.329385911366133
"3041",3041,119,4,2021,4,50.4,48.8,0.565987058967159
"3042",3042,120,5,2021,4,55.9,50,0.598461726284947
"3043",3043,121,6,2021,5,51.9,38.7,0.538151629837627
"3044",3044,122,7,2021,5,53.5,44.6,0.593822488096691
"3045",3045,123,1,2021,5,56.3,47.1,0.528873153461116
"3046",3046,124,2,2021,5,51.7,50.3,0.663411060920522
"3047",3047,125,3,2021,5,48.8,47.2,0.63557563179099
"3048",3048,126,4,2021,5,54.3,44.9,0.63557563179099
"3049",3049,127,5,2021,5,51.5,41.4,0.542790868025882
"3050",3050,128,6,2021,5,48.9,39.5,0.477841533390306
"3051",3051,129,7,2021,5,51.7,44,0.296911244048346
"3052",3052,130,1,2021,5,49.8,44.9,0.357221340495666
"3053",3053,131,2,2021,5,52.4,44.2,0.57526553534367
"3054",3054,132,3,2021,5,53.1,39.1,0.589183249908436
"3055",3055,133,4,2021,5,55.1,42.8,0.538151629837627
"3057",3057,135,6,2021,5,58.9,47.2,0.552069344402393
"3058",3058,136,7,2021,5,59.1,48.9,0.626297155414479
"3059",3059,137,1,2021,5,57.5,50.5,0.547430106214137
"3060",3060,138,2,2021,5,58.3,52.1,0.797948968379929
"3061",3061,139,3,2021,5,62.9,48.6,0.672689537297033
"3065",3065,143,7,2021,5,67.6,59,0.593822488096691
"3066",3066,144,1,2021,5,57.4,45.3,0.556708582590648
"3067",3067,145,2,2021,5,55.4,46.9,0.705164204614821
"3068",3068,146,3,2021,5,61.2,58.6,0.607740202661458
"3070",3070,148,5,2021,5,58,45.8,0.723721157367843
"3071",3071,149,6,2021,5,47.5,44.2,0.185569527530216
"3072",3072,150,7,2021,5,49.6,47.9,0.250518862165792
"3073",3073,151,1,2021,5,57.9,56.1,0.338664387742644
"3074",3074,152,2,2021,6,59.2,53.2,0.709803442803077
"3075",3075,153,3,2021,6,60.4,54,0.63557563179099
"3076",3076,154,4,2021,6,59.2,57.4,0.398974484189964
"3077",3077,155,5,2021,6,60.7,59.9,0.598461726284947
"3078",3078,156,6,2021,6,61.7,59,0.756195824685631
"3079",3079,157,7,2021,6,70.2,60.2,0.765474301062141
"3081",3081,159,2,2021,6,64.5,61.9,0.709803442803077
"3082",3082,160,3,2021,6,68.9,64.6,0.700524966426566
"3083",3083,161,4,2021,6,68.4,53.3,0.779392015626908
"3084",3084,162,5,2021,6,60.2,47.6,0.654132584544012
"3085",3085,163,6,2021,6,62.1,54.9,0.579904773531925
"3086",3086,164,7,2021,6,63.5,57.4,0.593822488096691
"3087",3087,165,1,2021,6,65.4,58.5,0.589183249908436
"3088",3088,166,2,2021,6,68,64.1,0.774752777438652
"3089",3089,167,3,2021,6,67.9,58.6,0.779392015626908
"3092",3092,170,6,2021,6,68.4,62.2,0.788670492003418
"3093",3093,171,7,2021,6,69.5,63.9,0.561347820778904
"3094",3094,172,1,2021,6,69.1,66.1,0.737638871932609
"3095",3095,173,2,2021,6,70.6,67,0.408252960566475
"3096",3096,174,3,2021,6,65.9,56.1,0.700524966426566
"3099",3099,177,6,2021,6,70,67.8,0.802588206568185
"3100",3100,178,7,2021,6,70.9,68.6,0.607740202661458
"3102",3102,180,2,2021,6,73.5,68.9,0.686607251861799
"3103",3103,181,3,2021,6,73.5,69.5,0.737638871932609
"3104",3104,182,4,2021,7,73.9,69.8,0.542790868025882
"3105",3105,183,5,2021,7,70.3,66.7,0.607740202661458
"3106",3106,184,6,2021,7,62.3,59.1,0.412892198754731
"3107",3107,185,7,2021,7,62.9,57.6,0.40361372237822
"3108",3108,186,1,2021,7,63.6,57.7,0.556708582590648
"3109",3109,187,2,2021,7,71.6,66.5,0.57526553534367
"3110",3110,188,3,2021,7,73.7,68.3,0.565987058967159
"3111",3111,189,4,2021,7,72.5,69.9,0.477841533390306
"3112",3112,190,5,2021,7,72,68.9,0.668050299108778
"3113",3113,191,6,2021,7,71,68,0.422170675131241
"3114",3114,192,7,2021,7,68.9,63,0.28299352948358
"3115",3115,193,1,2021,7,70.5,67.6,0.468563057013795
"3116",3116,194,2,2021,7,66.3,63.4,0.445366866072518
"3117",3117,195,3,2021,7,69.1,67.3,0.598461726284947
"3118",3118,196,4,2021,7,72.6,70.6,0.788670492003418
"3119",3119,197,5,2021,7,72.9,70.6,0.686607251861799
"3120",3120,198,6,2021,7,74.2,72.1,0.63557563179099
"3121",3121,199,7,2021,7,74.5,71.5,0.501037724331583
"3122",3122,200,1,2021,7,73.8,69.7,0.584544011720181
"3123",3123,201,2,2021,7,74.3,69.2,0.389696007813454
"3124",3124,202,3,2021,7,74.2,70.7,0.593822488096691
"3125",3125,203,4,2021,7,73.1,61.8,0.589183249908436
"3126",3126,204,5,2021,7,73.6,62,0.565987058967159
"3127",3127,205,6,2021,7,70.8,61.3,0.626297155414479
"3128",3128,206,7,2021,7,70.4,65.6,0.556708582590648
"3129",3129,207,1,2021,7,74.9,70.4,0.728360395556098
"3130",3130,208,2,2021,7,76.7,66.6,0.538151629837627
"3131",3131,209,3,2021,7,72.1,64.8,0.454645342449029
"3132",3132,210,4,2021,7,67.2,58,0.542790868025882
"3134",3134,212,6,2021,7,70,52.1,0.700524966426566
"3135",3135,213,7,2021,8,69.4,60.2,0.468563057013795
"3136",3136,214,1,2021,8,72.4,63,0.570626297155414
"3137",3137,215,2,2021,8,69.3,65.1,0.51495543889635
"3138",3138,216,3,2021,8,68.4,63.7,0.412892198754731
"3139",3139,217,4,2021,8,72.3,69.6,0.473202295202051
"3140",3140,218,5,2021,8,72,68.4,0.709803442803077
"3141",3141,219,6,2021,8,73,68.9,0.612379440849713
"3142",3142,220,7,2021,8,75.4,67.9,0.519594677084605
"3143",3143,221,1,2021,8,72.4,68.1,0.63557563179099
"3144",3144,222,2,2021,8,73.1,69.8,0.598461726284947
"3145",3145,223,3,2021,8,75.3,72.8,0.528873153461116
"3146",3146,224,4,2021,8,75.9,72.6,0.565987058967159
"3147",3147,225,5,2021,8,76.7,72.8,0.723721157367843
"3148",3148,226,6,2021,8,78.1,73.2,0.46392381882554
"3149",3149,227,7,2021,8,77,62.7,0.519594677084605
"3150",3150,228,1,2021,8,70.2,60.2,0.459284580637285
"3151",3151,229,2,2021,8,69.9,60.9,0.389696007813454
"3152",3152,230,3,2021,8,73.1,65.6,0.612379440849713
"3153",3153,231,4,2021,8,75,71.7,0.389696007813454
"3154",3154,232,5,2021,8,77.6,72.7,0.570626297155414
"3155",3155,233,6,2021,8,75.3,71.8,0.552069344402393
"3156",3156,234,7,2021,8,75.2,72.1,0.255158100354047
"3157",3157,235,1,2021,8,75.6,72.8,0.422170675131241
"3158",3158,236,2,2021,8,76.5,71.8,0.603100964473202
"3159",3159,237,3,2021,8,78.2,71.3,0.621657917226224
"3160",3160,238,4,2021,8,76.7,71.8,0.654132584544012
"3161",3161,239,5,2021,8,79.3,72.2,0.681968013673544
"3162",3162,240,6,2021,8,71.5,61,0.468563057013795
"3163",3163,241,7,2021,8,68.4,61.5,0.723721157367843
"3164",3164,242,1,2021,8,75.2,70.6,0.561347820778904
"3165",3165,243,2,2021,8,77,70.2,0.501037724331583
"3166",3166,244,3,2021,9,73.4,67.5,0.542790868025882
"3167",3167,245,4,2021,9,71.1,65.2,0.756195824685631
"3168",3168,246,5,2021,9,68.2,56.4,0.69588572823831
"3169",3169,247,6,2021,9,69.6,58.6,0.644854108167501
"3170",3170,248,7,2021,9,70.3,63.1,0.422170675131241
"3171",3171,249,1,2021,9,72.2,68.9,0.450006104260774
"3172",3172,250,2,2021,9,71.4,61.8,0.626297155414479
"3173",3173,251,3,2021,9,72.7,66.4,0.612379440849713
"3174",3174,252,4,2021,9,73.8,69.5,0.426809913319497
"3175",3175,253,5,2021,9,73,66.1,0.69588572823831
"3176",3176,254,6,2021,9,69.9,52.8,0.607740202661458
"3177",3177,255,7,2021,9,72.6,65.1,0.552069344402393
"3179",3179,257,2,2021,9,69.5,58.8,0.649493346355756
"3180",3180,258,3,2021,9,72.5,68.1,0.714442680991332
"3181",3181,259,4,2021,9,71.6,68.4,0.310828958613112
"3182",3182,260,5,2021,9,71.5,67.6,0.802588206568185
"3183",3183,261,6,2021,9,71.5,66.5,0.542790868025882
"3184",3184,262,7,2021,9,69.1,59.6,0.538151629837627
"3185",3185,263,1,2021,9,63,52.1,0.533512391649371
"3186",3186,264,2,2021,9,66.2,59.7,0.505676962519839
"3187",3187,265,3,2021,9,69.4,64.2,0.40361372237822
"3188",3188,266,4,2021,9,73.3,68.5,0.542790868025882
"3190",3190,268,6,2021,9,71.4,68.5,0.723721157367843
"3191",3191,269,7,2021,9,70,64.1,0.519594677084605
"3192",3192,270,1,2021,9,68.2,57,0.570626297155414
"3193",3193,271,2,2021,9,72.4,65.6,0.436088389696008
"3194",3194,272,3,2021,9,65.4,55.5,0.654132584544012
"3195",3195,273,4,2021,9,60.6,47.6,0.658771822732267
"3197",3197,275,6,2021,10,63,51.5,0.681968013673544
"3198",3198,276,7,2021,10,68.9,64.2,0.584544011720181
"3199",3199,277,1,2021,10,64.2,61.6,0.408252960566475
"3200",3200,278,2,2021,10,63.3,59.7,0.538151629837627
"3201",3201,279,3,2021,10,64.2,55.5,0.315468196801367
"3202",3202,280,4,2021,10,60.8,53.7,0.770113539250397
"3203",3203,281,5,2021,10,64.9,59.1,0.737638871932609
"3204",3204,282,6,2021,10,63.6,55.9,0.306189720424857
"3205",3205,283,7,2021,10,63.3,56.4,0.310828958613112
"3206",3206,284,1,2021,10,65.7,60.1,0.440727627884263
"3207",3207,285,2,2021,10,63,56.9,0.552069344402393
"3208",3208,286,3,2021,10,61.4,55.4,0.510316200708094
"3209",3209,287,4,2021,10,64.8,60.3,0.700524966426566
"3211",3211,289,6,2021,10,66.9,62.6,0.63557563179099
"3212",3212,290,7,2021,10,64.9,56.3,0.542790868025882
"3213",3213,291,1,2021,10,58,43.1,0.538151629837627
"3214",3214,292,2,2021,10,56.4,39.8,0.46392381882554
"3215",3215,293,3,2021,10,64.8,50.2,0.756195824685631
"3216",3216,294,4,2021,10,65.3,60.5,0.784031253815163
"3218",3218,296,6,2021,10,61,52.4,0.510316200708094
"3219",3219,297,7,2021,10,55.1,38.6,0.157734098400684
"3220",3220,298,1,2021,10,61.1,55.5,0.593822488096691
"3221",3221,299,2,2021,10,64.6,60.4,0.561347820778904
"3222",3222,300,3,2021,10,58.9,55.2,0.561347820778904
"3223",3223,301,4,2021,10,53.3,46.1,0.658771822732267
"3224",3224,302,5,2021,10,54,42.1,0.719081919179587
"3225",3225,303,6,2021,10,60.1,54.3,0.69588572823831
"3226",3226,304,7,2021,10,63.1,58.5,0.742278110120864
"3227",3227,305,1,2021,11,59.3,46.4,0.598461726284947
"3228",3228,306,2,2021,11,52.6,36.4,0.3433036259309
"3229",3229,307,3,2021,11,50,37.5,0.552069344402393
"3230",3230,308,4,2021,11,48.5,33.9,0.533512391649371
"3232",3232,310,6,2021,11,43.1,29.7,0.617018679037968
"3233",3233,311,7,2021,11,44.6,35.4,0.29227200586009
"3234",3234,312,1,2021,11,54.9,45,0.589183249908436
"3235",3235,313,2,2021,11,53.1,47.9,0.579904773531925
"3236",3236,314,3,2021,11,56.5,51,0.668050299108778
"3237",3237,315,4,2021,11,49.9,38.4,0.422170675131241
"3238",3238,316,5,2021,11,58.3,50.7,0.700524966426566
"3239",3239,317,6,2021,11,56.4,48.4,0.617018679037968
"3240",3240,318,7,2021,11,49.4,35.2,0.310828958613112
"3241",3241,319,1,2021,11,51.4,39.6,0.654132584544012
"3242",3242,320,2,2021,11,45.9,27.2,0.52423391527286
"3243",3243,321,3,2021,11,46.5,29.5,0.533512391649371
"3244",3244,322,4,2021,11,58.7,53.1,0.691246490050055
"3245",3245,323,5,2021,11,52.9,41.3,0.681968013673544
"3246",3246,324,6,2021,11,43.5,27.6,0.477841533390306
"3247",3247,325,7,2021,11,52.3,42.2,0.329385911366133
"3248",3248,326,1,2021,11,55.9,51.8,0.519594677084605
"3249",3249,327,2,2021,11,43.1,27.3,0.640214869979245
"3250",3250,328,3,2021,11,37.1,18.9,0.770113539250397
"3251",3251,329,4,2021,11,46.5,28.8,0.069588572823831
"3252",3252,330,5,2021,11,50.3,43,0.273715053107069
"3253",3253,331,6,2021,11,40.7,25.8,0.287632767671835
"3254",3254,332,7,2021,11,37.8,25,0.320107434989623
"3255",3255,333,1,2021,11,42.5,36.1,0.561347820778904
"3256",3256,334,2,2021,11,37.1,22.6,0.371139055060432
"3257",3257,335,3,2021,12,43.6,33.3,0.296911244048346
"3258",3258,336,4,2021,12,50.7,43.6,0.542790868025882
"3259",3259,337,5,2021,12,47.7,31.9,0.654132584544012
"3260",3260,338,6,2021,12,38.8,21.4,0.35258210230741
"3261",3261,339,7,2021,12,44.1,28.3,0.245879623977536
"3262",3262,340,1,2021,12,52.6,45.8,0.663411060920522
"3263",3263,341,2,2021,12,46.8,31.3,0.552069344402393
"3264",3264,342,3,2021,12,39.9,29.5,0.394335246001709
"3265",3265,343,4,2021,12,39.3,28.8,0.375778293248687
"3266",3266,344,5,2021,12,41.5,31.3,0.459284580637285
"3267",3267,345,6,2021,12,53.4,50.9,0.487120009766817
"3268",3268,346,7,2021,12,50.9,36.1,0.296911244048346
"3269",3269,347,1,2021,12,47.9,33.5,0.46392381882554
"3270",3270,348,2,2021,12,48.9,32.1,0.556708582590648
"3271",3271,349,3,2021,12,42.2,29.5,0.385056769625198
"3272",3272,350,4,2021,12,52.9,47.8,0.533512391649371
"3273",3273,351,5,2021,12,55.3,44.5,0.477841533390306
"3274",3274,352,6,2021,12,46.5,34.7,0.598461726284947
"3275",3275,353,7,2021,12,45.6,41.7,0.412892198754731
"3276",3276,354,1,2021,12,35.8,24.2,0.417531436942986
"3277",3277,355,2,2021,12,43.5,31.2,0.250518862165792
"3278",3278,356,3,2021,12,50,44.7,0.35258210230741
"3279",3279,357,4,2021,12,35,14.6,0.46392381882554
"3280",3280,358,5,2021,12,31.5,18.3,0.366499816872177
"3283",3283,361,1,2021,12,38,28.4,0.023196190941277
"3284",3284,362,2,2021,12,43.1,38.3,0.0881455255768527
"3286",3286,364,4,2021,12,47.4,42.1,0.0974240019533635
"3287",3287,365,5,2021,12,48.3,44.9,0.139177145647662
"3288",3288,1,6,2022,1,50.4,47.4,0.444878525210597
"3290",3290,3,1,2022,1,39.7,32.8,0.0786228787693811
"3291",3291,4,2,2022,1,30.2,20.6,0.308143083872543
"3292",3292,5,3,2022,1,45.9,38.5,0.55719692345257
"3293",3293,6,4,2022,1,45.9,37.8,0.200708094249786
"3294",3294,7,5,2022,1,36.2,28.4,0.508362837260408
"3296",3296,9,7,2022,1,41.5,32.3,0.205591502869003
"3297",3297,10,1,2022,1,38.4,24.4,0.356977170064705
"3299",3299,12,3,2022,1,30,18.8,0.283726040776462
"3300",3300,13,4,2022,1,39.7,31.3,0.371627395922354
"3301",3301,14,5,2022,1,45,41.8,0.474178976925894
"3304",3304,17,1,2022,1,45.7,38.4,0.0542058356733001
"3305",3305,18,2,2022,1,36.2,19.8,0.322793309730192
"3306",3306,19,3,2022,1,35.5,20.7,0.308143083872543
"3307",3307,20,4,2022,1,42.7,36.8,0.264192406299597
"3308",3308,21,5,2022,1,30.7,19.7,0.469295568306678
"3309",3309,22,6,2022,1,31.2,20.6,0.366743987303138
"3310",3310,23,7,2022,1,33.6,22.7,0.181174459772922
"3311",3311,24,1,2022,1,34.5,23.8,0.225125137345867
"3312",3312,25,2,2022,1,41.6,31.8,0.210474911488219
"3313",3313,26,3,2022,1,31.3,15.1,0.361860578683921
"3315",3315,28,5,2022,1,36.6,24.5,0.444878525210597
"3316",3316,29,6,2022,1,34.4,30.6,0.410694664876084
"3319",3319,32,2,2022,2,33.8,23.3,0.400927847637651
"3320",3320,33,3,2022,2,41.5,36.7,0.371627395922354
"3321",3321,34,4,2022,2,44.3,42.8,0.27395922353803
"3322",3322,35,5,2022,2,47.7,45.8,0.469295568306678
"3323",3323,36,6,2022,2,32,25,0.503479428641192
"3324",3324,37,7,2022,2,27.3,13.5,0.381394213160786
"3325",3325,38,1,2022,2,41.9,34.4,0.410694664876084
"3326",3326,39,2,2022,2,45.7,43.2,0.425344890733732
"3327",3327,40,3,2022,2,36.3,24.3,0.391161030399219
"3328",3328,41,4,2022,2,42.3,37.9,0.537663288975705
"3329",3329,42,5,2022,2,44.3,35.6,0.620681235502381
"3330",3330,43,6,2022,2,47.7,41.5,0.220241728726651
"3331",3331,44,7,2022,2,40.3,31.1,0.181174459772922
"3332",3332,45,1,2022,2,29.7,22.4,0.552313514833354
"3334",3334,47,3,2022,2,30.5,18,0.420461482114516
"3335",3335,48,4,2022,2,48.9,44.9,0.366743987303138
"3336",3336,49,5,2022,2,50.6,45,0.425344890733732
"3337",3337,50,6,2022,2,34.1,21.3,0.220241728726651
"3338",3338,51,7,2022,2,27.9,9.1,0.259308997680381
"3340",3340,53,2,2022,2,44.9,42.6,0.254425589061165
"3341",3341,54,3,2022,2,49.5,47,0.298376266634111
"3342",3342,55,4,2022,2,36,21.8,0.151874008057624
"3343",3343,56,5,2022,2,36.6,30.9,0.288609449395678
"3344",3344,57,6,2022,2,30.5,23.3,0.269075814918813
"3345",3345,58,7,2022,2,34.9,20.8,0.254425589061165
"3346",3346,59,1,2022,2,31,9.9,0.420461482114516
"3347",3347,60,2,2022,3,31.7,13.7,0.27395922353803
"3348",3348,61,3,2022,3,44.1,34.3,0.264192406299597
"3349",3349,62,4,2022,3,40.8,29.5,0.615797826883164
"3350",3350,63,5,2022,3,28.2,10.2,0.664631913075327
"3351",3351,64,6,2022,3,34.5,16,0.327676718349408
"3352",3352,65,7,2022,3,46.4,42.9,0.220241728726651
"3353",3353,66,1,2022,3,49.4,46.9,0.669515321694543
"3354",3354,67,2,2022,3,46.5,30,0.327676718349408
"3355",3355,68,3,2022,3,38.5,29.4,0.459528751068246
"3356",3356,69,4,2022,3,40.3,35.6,0.371627395922354
"3357",3357,70,5,2022,3,39.8,34.6,0.669515321694543
"3358",3358,71,6,2022,3,47.2,45.5,0.298376266634111
"3359",3359,72,7,2022,3,30.7,15,0.400927847637651
"3360",3360,73,1,2022,3,40.7,28.9,0.581613966548651
"3361",3361,74,2,2022,3,45.2,40.2,0.503479428641192
"3362",3362,75,3,2022,3,45.7,39.5,0.581613966548651
"3363",3363,76,4,2022,3,46.1,43.7,0.425344890733732
"3364",3364,77,5,2022,3,50,47.8,0.830667806128678
"3365",3365,78,6,2022,3,48.9,47.8,0.464412159687462
"3366",3366,79,7,2022,3,51.8,48.1,0.327676718349408
"3367",3367,80,1,2022,3,48.7,36.2,0.488829202783543
"3368",3368,81,2,2022,3,46.2,24.9,0.47906238554511
"3369",3369,82,3,2022,3,41,24.3,0.396044439018435
"3370",3370,83,4,2022,3,43.7,39.1,0.361860578683921
"3371",3371,84,5,2022,3,48.4,46.2,0.562080332071786
"3372",3372,85,6,2022,3,47.1,41.2,0.469295568306678
"3373",3373,86,7,2022,3,45.5,37.3,0.366743987303138
"3374",3374,87,1,2022,3,34.1,13.6,0.523013063118056
"3375",3375,88,2,2022,3,30.5,9,0.391161030399219
"3376",3376,89,3,2022,3,38.1,14.3,0.454645342449029
"3377",3377,90,4,2022,3,49.2,42.6,0.435111707972165
"3378",3378,91,5,2022,4,53.1,49.4,0.47906238554511
"3379",3379,92,6,2022,4,45.2,28.3,0.4155780734953
"3380",3380,93,7,2022,4,44.5,38.3,0.317909901110976
"3381",3381,94,1,2022,4,45,35.8,0.474178976925894
"3382",3382,95,2,2022,4,46.8,36.3,0.293492858014894
"3383",3383,96,3,2022,4,46.9,44.3,0.298376266634111
"3384",3384,97,4,2022,4,49.3,41,0.444878525210597
"3385",3385,98,5,2022,4,50.5,46.7,0.73788304236357
"3386",3386,99,6,2022,4,48.8,44.2,0.493712611402759
"3387",3387,100,7,2022,4,49.1,37.9,0.454645342449029
"3388",3388,101,1,2022,4,48.6,33.1,0.444878525210597
"3389",3389,102,2,2022,4,50.8,44.3,0.586497375167867
"3390",3390,103,3,2022,4,52,43.3,0.508362837260408
"3391",3391,104,4,2022,4,54.3,50.6,0.679282138932975
"3392",3392,105,5,2022,4,52.3,42.6,0.488829202783543
"3393",3393,106,6,2022,4,53,45.4,0.439995116591381
"3394",3394,107,7,2022,4,48.8,39.8,0.239775363203516
"3395",3395,108,1,2022,4,47,31.5,0.230008545965084
"3396",3396,109,2,2022,4,49.6,43.5,0.313026492491759
"3397",3397,110,3,2022,4,49.7,34.5,0.439995116591381
"3398",3398,111,4,2022,4,47.7,41.6,0.220241728726651
"3399",3399,112,5,2022,4,55.7,44.1,0.410694664876084
"3400",3400,113,6,2022,4,49.6,34.7,0.454645342449029
"3401",3401,114,7,2022,4,48.7,35,0.386277621780002
"3402",3402,115,1,2022,4,47.8,34.1,0.313026492491759
"3403",3403,116,2,2022,4,49,43.3,0.254425589061165
"3404",3404,117,3,2022,4,55.2,47.3,0.5962641924063
"3405",3405,118,4,2022,4,48.5,28,0.762300085459651
"3406",3406,119,5,2022,4,49.1,22.6,0.825784397509462
"3407",3407,120,6,2022,4,48.7,32.7,0.630448052740813
"3408",3408,121,7,2022,5,52.2,40.4,0.420461482114516
"3409",3409,122,1,2022,5,49.2,43.3,0.439995116591381
"3410",3410,123,2,2022,5,51.3,45.7,0.439995116591381
"3411",3411,124,3,2022,5,52.1,49,0.288609449395678
"3412",3412,125,4,2022,5,55.6,48.8,0.776950311317299
"3413",3413,126,5,2022,5,53,47.6,0.845318031986326
"3414",3414,127,6,2022,5,50.1,46.4,0.493712611402759
"3415",3415,128,7,2022,5,48.6,37.7,0.332560126968624
"3416",3416,129,1,2022,5,49,34,0.503479428641192
"3417",3417,130,2,2022,5,50,38.5,0.508362837260408
"3418",3418,131,3,2022,5,49.1,45.8,0.527896471737273
"3419",3419,132,4,2022,5,53,50.5,0.566963740691002
"3420",3420,133,5,2022,5,58.6,56.4,0.684165547552191
"3421",3421,134,6,2022,5,60.3,58.6,0.4155780734953
"3422",3422,135,7,2022,5,57.9,56.4,0.55719692345257
"3423",3423,136,1,2022,5,55.8,54.3,0.51812965449884
"3424",3424,137,2,2022,5,59.1,53.2,0.601147601025516
"3425",3425,138,3,2022,5,59.2,45.4,0.703699182029056
"3426",3426,139,4,2022,5,53.9,50.7,0.630448052740813
"3427",3427,140,5,2022,5,54.7,52.6,0.645098278598462
"3428",3428,141,6,2022,5,60.4,57.5,0.767183494078867
"3429",3429,142,7,2022,5,60.7,57.1,0.620681235502381
"3430",3430,143,1,2022,5,61.2,53.5,0.693932364790624
"3431",3431,144,2,2022,5,56.3,46.5,0.420461482114516
"3432",3432,145,3,2022,5,53.6,41.6,0.547430106214137
"3433",3433,146,4,2022,5,54.7,47.7,0.576730557929435
"3434",3434,147,5,2022,5,61,58.3,0.601147601025516
"3435",3435,148,6,2022,5,61.8,60.5,0.493712611402759
"3436",3436,149,7,2022,5,63.8,56.2,0.439995116591381
"3437",3437,150,1,2022,5,60.6,56.6,0.308143083872543
"3438",3438,151,2,2022,5,64.3,57.4,0.791600537174948
"3439",3439,152,3,2022,6,57.9,50.6,0.586497375167867
"3440",3440,153,4,2022,6,60.9,55.8,0.610914418263948
"3441",3441,154,5,2022,6,60.4,57.2,0.625564644121597
"3442",3442,155,6,2022,6,59,55.7,0.527896471737273
"3443",3443,156,7,2022,6,62.6,51.2,0.523013063118056
"3444",3444,157,1,2022,6,63.2,52.3,0.581613966548651
"3445",3445,158,2,2022,6,62.7,57.9,0.562080332071786
"3446",3446,159,3,2022,6,63.9,61.4,0.581613966548651
"3447",3447,160,4,2022,6,64.7,63.6,0.610914418263948
"3448",3448,161,5,2022,6,65.1,58.4,0.850201440605543
"3449",3449,162,6,2022,6,66.5,60.3,0.566963740691002
"3450",3450,163,7,2022,6,65,63.2,0.405811256256867
"3451",3451,164,1,2022,6,67.4,64.3,0.620681235502381
"3452",3452,165,2,2022,6,69.7,59.6,0.601147601025516
"3453",3453,166,3,2022,6,66,57.5,0.825784397509462
"3454",3454,167,4,2022,6,60.9,55.5,0.537663288975705
"3455",3455,168,5,2022,6,65.9,63.8,0.864851666463191
"3456",3456,169,6,2022,6,66.7,58.8,0.610914418263948
"3457",3457,170,7,2022,6,58.2,50.4,0.552313514833354
"3458",3458,171,1,2022,6,61.9,50,0.435111707972165
"3459",3459,172,2,2022,6,61.3,54.6,0.610914418263948
"3460",3460,173,3,2022,6,62.5,56.6,0.356977170064705
"3461",3461,174,4,2022,6,64.5,57.9,0.51812965449884
"3462",3462,175,5,2022,6,63.1,57.4,0.796483945794164
"3463",3463,176,6,2022,6,68.6,64.9,0.84043462336711
"3464",3464,177,7,2022,6,67.4,65.2,0.73788304236357
"3465",3465,178,1,2022,6,69.2,65.6,0.542546697594921
"3466",3466,179,2,2022,6,68.2,61.4,0.503479428641192
"3467",3467,180,3,2022,6,66.8,62.2,0.547430106214137
"3468",3468,181,4,2022,6,70.6,60.9,0.635331461360029
"3469",3469,182,5,2022,7,69.7,66,0.606031009644732
"3470",3470,183,6,2022,7,70.7,69,0.410694664876084
"3471",3471,184,7,2022,7,71.3,67.3,0.283726040776462
"3472",3472,185,1,2022,7,72.1,59.1,0.308143083872543
"3473",3473,186,2,2022,7,69.7,65.2,0.444878525210597
"3474",3474,187,3,2022,7,73.2,67.1,0.47906238554511
"3475",3475,188,4,2022,7,68,60.7,0.454645342449029
"3476",3476,189,5,2022,7,68,62,0.508362837260408
"3477",3477,190,6,2022,7,71.9,63.8,0.327676718349408
"3478",3478,191,7,2022,7,67.5,56.5,0.283726040776462
"3479",3479,192,1,2022,7,68.1,61.2,0.425344890733732
"3480",3480,193,2,2022,7,71.3,66,0.366743987303138
"3481",3481,194,3,2022,7,75.4,69.8,0.562080332071786
"3482",3482,195,4,2022,7,71.8,69.1,0.386277621780002
"3483",3483,196,5,2022,7,73.1,67.2,0.586497375167867
"3484",3484,197,6,2022,7,69.9,65.8,0.4155780734953
"3485",3485,198,7,2022,7,73.9,70.9,0.435111707972165
"3486",3486,199,1,2022,7,73.1,72.1,0.542546697594921
"3487",3487,200,2,2022,7,76,70.7,0.488829202783543
"3488",3488,201,3,2022,7,77.1,71.4,0.47906238554511
"3489",3489,202,4,2022,7,74.5,73,0.513246245879624
"3490",3490,203,5,2022,7,78.4,72.6,0.693932364790624
"3491",3491,204,6,2022,7,76.7,73.7,0.552313514833354
"3492",3492,205,7,2022,7,76.5,74.6,0.356977170064705
"3493",3493,206,1,2022,7,77.2,74.5,0.425344890733732
"3494",3494,207,2,2022,7,76.6,70,0.410694664876084
"3495",3495,208,3,2022,7,74.7,64.5,0.464412159687462
"3496",3496,209,4,2022,7,74.5,70.5,0.51812965449884
"3497",3497,210,5,2022,7,78.8,72.8,0.576730557929435
"3498",3498,211,6,2022,7,76.5,70.2,0.55719692345257
"3499",3499,212,7,2022,7,74.8,64.8,0.469295568306678
"3500",3500,213,1,2022,8,72.7,68.6,0.498596020021975
"3501",3501,214,2,2022,8,74.8,71.6,0.493712611402759
"3502",3502,215,3,2022,8,77.7,72.5,0.645098278598462
"3503",3503,216,4,2022,8,75.6,74,0.523013063118056
"3504",3504,217,5,2022,8,77.9,75.4,0.640214869979245
"3505",3505,218,6,2022,8,78.3,75.9,0.591380783787083
"3506",3506,219,7,2022,8,79.1,75.7,0.366743987303138
"3507",3507,220,1,2022,8,79.6,75.5,0.615797826883164
"3509",3509,222,3,2022,8,76.5,72.6,0.342326944207057
"3510",3510,223,4,2022,8,71.4,68.1,0.464412159687462
"3511",3511,224,5,2022,8,70.7,67.6,0.776950311317299
"3512",3512,225,6,2022,8,71.3,63.8,0.562080332071786
"3513",3513,226,7,2022,8,70,62.1,0.552313514833354
"3514",3514,227,1,2022,8,69.7,62.5,0.239775363203516
"3515",3515,228,2,2022,8,69.2,63.1,0.483945794164327
"3516",3516,229,3,2022,8,70.2,62.5,0.33744353558784
"3517",3517,230,4,2022,8,72.5,62.7,0.444878525210597
"3518",3518,231,5,2022,8,75.4,68.3,0.459528751068246
"3519",3519,232,6,2022,8,74.2,70.9,0.576730557929435
"3520",3520,233,7,2022,8,71.3,66.9,0.391161030399219
"3521",3521,234,1,2022,8,71.2,69.8,0.278842632157246
"3522",3522,235,2,2022,8,74,72,0.396044439018435
"3523",3523,236,3,2022,8,75.2,71,0.190941277011354
"3524",3524,237,4,2022,8,76.1,72.2,0.4155780734953
"3525",3525,238,5,2022,8,75,72.3,0.513246245879624
"3526",3526,239,6,2022,8,75.2,71.2,0.55719692345257
"3527",3527,240,7,2022,8,71.4,64.2,0.449761933829813
"3528",3528,241,1,2022,8,70.6,66.3,0.327676718349408
"3529",3529,242,2,2022,8,75.2,72.9,0.444878525210597
"3530",3530,243,3,2022,8,76,72,0.493712611402759
"3531",3531,244,4,2022,9,75.4,63.4,0.537663288975705
"3532",3532,245,5,2022,9,67.2,55.3,0.474178976925894
"3533",3533,246,6,2022,9,65.2,53.6,0.523013063118056
"3534",3534,247,7,2022,9,68,60.8,0.288609449395678
"3535",3535,248,1,2022,9,70.2,62,0.303259675253327
"3536",3536,249,2,2022,9,69,65.6,0.723232816505921
"3537",3537,250,3,2022,9,70.3,63.9,0.33744353558784
"3538",3538,251,4,2022,9,68.7,61.8,0.532779880356489
"3539",3539,252,5,2022,9,70.8,62.5,0.84043462336711
"3540",3540,253,6,2022,9,71.7,63.7,0.391161030399219
"3541",3541,254,7,2022,9,72.7,63.8,0.332560126968624
"3542",3542,255,1,2022,9,70.8,66.8,0.5962641924063
"3543",3543,256,2,2022,9,72,70.4,0.649981687217678
"3544",3544,257,3,2022,9,73,65.4,0.566963740691002
"3545",3545,258,4,2022,9,69,55.3,0.689048956171408
"3546",3546,259,5,2022,9,66.2,44.7,0.772066902698083
"3547",3547,260,6,2022,9,62.7,48.3,0.342326944207057
"3548",3548,261,7,2022,9,71.1,63.8,0.503479428641192
"3549",3549,262,1,2022,9,72,68,0.498596020021975
"3550",3550,263,2,2022,9,69.9,65.8,0.469295568306678
"3551",3551,264,3,2022,9,64.7,59,0.69881577340984
"3552",3552,265,4,2022,9,69.2,65.5,0.425344890733732
"3553",3553,266,5,2022,9,60,48.7,0.635331461360029
"3554",3554,267,6,2022,9,59.1,41.8,0.464412159687462
"3555",3555,268,7,2022,9,64.5,56.9,0.449761933829813
"3556",3556,269,1,2022,9,69.7,64.3,0.332560126968624
"3557",3557,270,2,2022,9,68.9,64,0.176291051153705
"3558",3558,271,3,2022,9,64.8,54.1,0.449761933829813
"3559",3559,272,4,2022,9,62.9,54.6,0.601147601025516
"3560",3560,273,5,2022,9,58.6,49.8,0.664631913075327
"3561",3561,274,6,2022,10,61.4,58,0.664631913075327
"3562",3562,275,7,2022,10,60.7,56.3,0.264192406299597
"3563",3563,276,1,2022,10,57.2,46.1,0.645098278598462
"3564",3564,277,2,2022,10,60.1,55.8,0.381394213160786
"3565",3565,278,3,2022,10,63.2,62.1,0.254425589061165
"3566",3566,279,4,2022,10,61.7,60.3,0.703699182029056
"3567",3567,280,5,2022,10,61.3,59.6,0.640214869979245
"3568",3568,281,6,2022,10,58,48.4,0.552313514833354
"3569",3569,282,7,2022,10,54.6,41.5,0.249542180441949
"3570",3570,283,1,2022,10,58.5,48.7,0.117690147723111
"3571",3571,284,2,2022,10,58.9,53.5,0.420461482114516
"3572",3572,285,3,2022,10,61.8,56.8,0.601147601025516
"3573",3573,286,4,2022,10,64.6,59.1,0.547430106214137
"3574",3574,287,5,2022,10,66.7,64.7,0.757416676840435
"3575",3575,288,6,2022,10,62.7,57,0.405811256256867
"3576",3576,289,7,2022,10,61.2,57.7,0.27395922353803
"3577",3577,290,1,2022,10,61.4,57.4,0.347210352826273
"3578",3578,291,2,2022,10,64.5,60.8,0.283726040776462
"3579",3579,292,3,2022,10,57.1,42.9,0.459528751068246
"3580",3580,293,4,2022,10,57,41.3,0.523013063118056
"3581",3581,294,5,2022,10,59.5,45.3,0.69881577340984
"3582",3582,295,6,2022,10,54.9,47.2,0.654865095836894
"3583",3583,296,7,2022,10,59.7,57.2,0.239775363203516
"3584",3584,297,1,2022,10,64.9,63.6,0.508362837260408
"3585",3585,298,2,2022,10,68,66.1,0.503479428641192
"3586",3586,299,3,2022,10,68.3,67,0.361860578683921
"3587",3587,300,4,2022,10,65.6,59,0.601147601025516
"3588",3588,301,5,2022,10,55.3,44,0.537663288975705
"3589",3589,302,6,2022,10,55.1,46.7,0.566963740691002
"3590",3590,303,7,2022,10,53.5,49.4,0.47906238554511
"3591",3591,304,1,2022,10,56.6,53.8,0.459528751068246
"3592",3592,305,2,2022,11,62.5,60.9,0.425344890733732
"3593",3593,306,3,2022,11,61.1,53.1,0.635331461360029
"3594",3594,307,4,2022,11,54.3,47.6,0.615797826883164
"3595",3595,308,5,2022,11,59.7,56.5,0.464412159687462
"3596",3596,309,6,2022,11,65.2,62.2,0.498596020021975
"3597",3597,310,7,2022,11,65.9,63,0.19582468563057
"3598",3598,311,1,2022,11,66.2,63.4,0.430228299352948
"3599",3599,312,2,2022,11,56.5,35.8,0.190941277011354
"3600",3600,313,3,2022,11,49,34.3,0.327676718349408
"3601",3601,314,4,2022,11,57.4,50.1,0.361860578683921
"3602",3602,315,5,2022,11,63.5,59.6,0.576730557929435
"3603",3603,316,6,2022,11,66.3,64.1,0.381394213160786
"3604",3604,317,7,2022,11,59.3,57.1,0.220241728726651
"3605",3605,318,1,2022,11,46,30,0.352093761445489
"3606",3606,319,2,2022,11,42.6,29.7,0.51812965449884
"3607",3607,320,3,2022,11,54.6,49.7,0.542546697594921
"3608",3608,321,4,2022,11,46.9,34.6,0.47906238554511
"3609",3609,322,5,2022,11,43.7,27.7,0.454645342449029
"3610",3610,323,6,2022,11,44.6,27.9,0.620681235502381
"3611",3611,324,7,2022,11,42,23.1,0.278842632157246
"3612",3612,325,1,2022,11,36.9,16.5,0.55719692345257
"3613",3613,326,2,2022,11,48.7,32.1,0.55719692345257
"3614",3614,327,3,2022,11,50.2,33.8,0.513246245879624
"3616",3616,329,5,2022,11,52.6,47,0.200708094249786
"3617",3617,330,6,2022,11,47.2,32.2,0.269075814918813
"3618",3618,331,7,2022,11,54.9,45.8,0.225125137345867
"3619",3619,332,1,2022,11,56,48.7,0.303259675253327
"3620",3620,333,2,2022,11,46.8,36.8,0.2348919545843
"3621",3621,334,3,2022,11,49.4,45.6,0.425344890733732
"3622",3622,335,4,2022,12,47.1,30.6,0.483945794164327
"3623",3623,336,5,2022,12,42.3,28.4,0.51812965449884
"3624",3624,337,6,2022,12,54.7,49.5,0.430228299352948
"3625",3625,338,7,2022,12,45.8,31.6,0.308143083872543
"3626",3626,339,1,2022,12,39,29.6,0.37651080454157
"3627",3627,340,2,2022,12,49.7,45,0.615797826883164
"3628",3628,341,3,2022,12,53.6,51.3,0.51812965449884
"3629",3629,342,4,2022,12,51.4,40.1,0.459528751068246
"3630",3630,343,5,2022,12,45.2,30.3,0.552313514833354
"3631",3631,344,6,2022,12,44.4,37.1,0.298376266634111
"3632",3632,345,7,2022,12,42.4,35.3,0.205591502869003
"3633",3633,346,1,2022,12,40.7,32.5,0.439995116591381
"3634",3634,347,2,2022,12,37.7,25.7,0.537663288975705
"3635",3635,348,3,2022,12,36.1,20.7,0.33744353558784
"3636",3636,349,4,2022,12,43.6,36.1,0.69881577340984
"3637",3637,350,5,2022,12,48.6,44.3,0.884385300940056
"3638",3638,351,6,2022,12,43.8,34.7,0.420461482114516
"3639",3639,352,7,2022,12,40.1,27.6,0.239775363203516
"3640",3640,353,1,2022,12,38.9,24.3,0.4155780734953
"3641",3641,354,2,2022,12,36.9,24.9,0.361860578683921
"3642",3642,355,3,2022,12,38.1,30.1,0.371627395922354
"3643",3643,356,4,2022,12,38.6,33.2,0.47906238554511
"3644",3644,357,5,2022,12,53.7,49.5,0.581613966548651
"3645",3645,358,6,2022,12,27.5,20.1,0.366743987303138
"3648",3648,361,2,2022,12,36.5,24.7,0.103039921865462
"3649",3649,362,3,2022,12,38.3,27.4,0.142107190819192
"3650",3650,363,4,2022,12,46.2,40.6,0.0542058356733001
"3651",3651,364,5,2022,12,48.3,43.9,0.523013063118056
"3652",3652,365,6,2022,12,52,50.7,0.278842632157246
"3653",3653,1,7,2023,1,50.3,46.4,0.506531559028202
"3654",3654,2,1,2023,1,45.8,37.9,0.144304724697839
"3655",3655,3,2,2023,1,45.6,43.3,0.24404834574533
"3656",3656,4,3,2023,1,52.4,50.6,0.380539616652423
"3657",3657,5,4,2023,1,49,48.3,0.296544988401905
"3658",3658,6,5,2023,1,46.6,45.3,0.291295324136247
"3661",3661,9,1,2023,1,41.1,35,0.333292638261506
"3662",3662,10,2,2023,1,39.3,27.7,0.385789280918081
"3663",3663,11,3,2023,1,37.5,26.5,0.196801367354413
"3664",3664,12,4,2023,1,39.6,34.7,0.532779880356489
"3665",3665,13,5,2023,1,50,48.9,0.63252350140398
"3666",3666,14,6,2023,1,42.5,41.2,0.364790623855451
"3668",3668,16,1,2023,1,36.2,33,0.202051031620071
"3669",3669,17,2,2023,1,37.3,30.8,0.406787937980711
"3670",3670,18,3,2023,1,44.4,38.3,0.417287266512025
"3671",3671,19,4,2023,1,40.7,34.1,0.627273837138322
"3672",3672,20,5,2023,1,41.9,40.8,0.296544988401905
"3673",3673,21,6,2023,1,36.7,30.7,0.270296667073617
"3674",3674,22,7,2023,1,36.2,27.7,0.338542302527164
"3675",3675,23,1,2023,1,45.2,44.4,0.396288609449396
"3676",3676,24,2,2023,1,36.3,27.4,0.296544988401905
"3677",3677,25,3,2023,1,36.9,27.8,0.406787937980711
"3678",3678,26,4,2023,1,47.6,43.3,0.406787937980711
"3679",3679,27,5,2023,1,38.4,25,0.296544988401905
"3680",3680,28,6,2023,1,39.7,31.7,0.42778659504334
"3681",3681,29,7,2023,1,43.9,39.6,0.191551703088756
"3682",3682,30,1,2023,1,44.6,39.2,0.280795995604932
"3683",3683,31,2,2023,1,38.2,34.6,0.433036259308998
"3684",3684,32,3,2023,2,30.8,21.4,0.406787937980711
"3685",3685,33,4,2023,2,28.2,17.2,0.443535587840312
"3686",3686,34,5,2023,2,30.4,12.1,0.674520815529239
"3688",3688,36,7,2023,2,36.3,27.4,0.149554388963496
"3689",3689,37,1,2023,2,42.3,38.1,0.401538273715053
"3690",3690,38,2,2023,2,34.6,25.5,0.417287266512025
"3691",3691,39,3,2023,2,40.8,33.6,0.307044316933219
"3692",3692,40,4,2023,2,39.9,31.4,0.312293981198877
"3693",3693,41,5,2023,2,48.1,43.5,0.622024172872665
"3694",3694,42,6,2023,2,40.5,24.6,0.433036259308998
"3695",3695,43,7,2023,2,38.2,31.9,0.160053717494811
"3696",3696,44,1,2023,2,42.2,38.9,0.44878525210597
"3697",3697,45,2,2023,2,40.3,31.9,0.422536930777683
"3698",3698,46,3,2023,2,41.2,37.7,0.44878525210597
"3699",3699,47,4,2023,2,47.6,43.1,0.438285923574655
"3700",3700,48,5,2023,2,47.6,47.3,0.511781223293859
"3701",3701,49,6,2023,2,32.3,23.8,0.385789280918081
"3702",3702,50,7,2023,2,39.2,31.5,0.328042973995849
"3704",3704,52,2,2023,2,40.8,37.5,0.249298010010988
"3705",3705,53,3,2023,2,40.4,30.2,0.186302038823099
"3706",3706,54,4,2023,2,38.7,36.2,0.191551703088756
"3707",3707,55,5,2023,2,38.9,31,0.475033573434257
"3709",3709,57,7,2023,2,27.9,22.9,0.280795995604932
"3710",3710,58,1,2023,2,33.3,21.8,0.354291295324136
"3711",3711,59,2,2023,2,34.8,31.2,0.259797338542303
"3712",3712,60,3,2023,3,38.9,32,0.690269808326212
"3713",3713,61,4,2023,3,43.2,39.1,0.359540959589794
"3714",3714,62,5,2023,3,39.8,28.2,0.543279208887804
"3715",3715,63,6,2023,3,39.8,35.6,0.475033573434257
"3716",3716,64,7,2023,3,37.7,31,0.44878525210597
"3717",3717,65,1,2023,3,42,27,0.412037602246368
"3718",3718,66,2,2023,3,38.1,18.4,0.496032230496887
"3719",3719,67,3,2023,3,36.6,28.4,0.301794652667562
"3720",3720,68,4,2023,3,40.9,32.1,0.616774508607008
"3721",3721,69,5,2023,3,38.7,31.5,0.595775851544378
"3722",3722,70,6,2023,3,37.5,32.9,0.349041631058479
"3723",3723,71,7,2023,3,39.6,30.9,0.181052374557441
"3724",3724,72,1,2023,3,40,34.3,0.727017458185814
"3725",3725,73,2,2023,3,42.1,38.6,0.4697839091686
"3726",3726,74,3,2023,3,38.2,29.7,0.543279208887804
"3727",3727,75,4,2023,3,40.7,25.4,0.375289952386766
"3728",3728,76,5,2023,3,42.7,36.2,0.543279208887804
"3729",3729,77,6,2023,3,45.3,41.5,0.28604565987059
"3730",3730,78,7,2023,3,38,23.3,0.364790623855451
"3731",3731,79,1,2023,3,36.5,19.4,0.569527530216091
"3732",3732,80,2,2023,3,42.1,34,0.359540959589794
"3733",3733,81,3,2023,3,42.8,37.1,0.223049688682701
"3734",3734,82,4,2023,3,45.9,43.4,0.433036259308998
"3735",3735,83,5,2023,3,46.3,38.8,0.354291295324136
"3736",3736,84,6,2023,3,38.3,32.9,0.249298010010988
"3737",3737,85,7,2023,3,46.5,42.5,0.553778537419119
"3738",3738,86,1,2023,3,43.7,35.3,0.44878525210597
"3739",3739,87,2,2023,3,42.1,36.4,0.354291295324136
"3740",3740,88,3,2023,3,39.8,30.4,0.501281894762544
"3741",3741,89,4,2023,3,39.4,22.2,0.601025515810035
"3742",3742,90,5,2023,3,38.9,19.5,0.406787937980711
"3743",3743,91,6,2023,4,48.8,47.7,0.522280551825174
"3744",3744,92,7,2023,4,47,36.5,0.354291295324136
"3745",3745,93,1,2023,4,40.3,24.5,0.42778659504334
"3746",3746,94,2,2023,4,49.7,44.6,0.648272494200952
"3747",3747,95,3,2023,4,47.5,44.9,0.511781223293859
"3748",3748,96,4,2023,4,50.8,49.5,0.249298010010988
"3749",3749,97,5,2023,4,50,39.7,0.165303381760469
"3750",3750,98,6,2023,4,41.8,21.5,0.233549017214015
"3751",3751,99,7,2023,4,40.9,22.6,0.165303381760469
"3752",3752,100,1,2023,4,43.3,32.6,0.207300695885728
"3753",3753,101,2,2023,4,47.9,41.2,0.160053717494811
"3754",3754,102,3,2023,4,56.7,40.9,0.291295324136247
"3755",3755,103,4,2023,4,53.4,44,0.307044316933219
"3756",3756,104,5,2023,4,58.6,46.9,0.569527530216091
"3757",3757,105,6,2023,4,53.3,50.8,0.333292638261506
"3758",3758,106,7,2023,4,56.1,53.8,0.228299352948358
"3759",3759,107,1,2023,4,51.1,50.2,0.401538273715053
"3760",3760,108,2,2023,4,51.7,44.7,0.307044316933219
"3761",3761,109,3,2023,4,48.2,35.8,0.496032230496887
"3762",3762,110,4,2023,4,47.3,32.9,0.569527530216091
"3763",3763,111,5,2023,4,47.8,39,0.700769136857526
"3764",3764,112,6,2023,4,48.5,42.3,0.417287266512025
"3765",3765,113,7,2023,4,49.6,45.5,0.475033573434257
"3766",3766,114,1,2023,4,50.1,47.2,0.648272494200952
"3767",3767,115,2,2023,4,48.9,44.6,0.412037602246368
"3768",3768,116,3,2023,4,46.9,40.9,0.559028201684776
"3769",3769,117,4,2023,4,44.1,38.1,0.307044316933219
"3770",3770,118,5,2023,4,46.1,41.6,0.664021486997925
"3771",3771,119,6,2023,4,48.5,42.4,0.779514100842388
"3772",3772,120,7,2023,4,51.9,50.1,0.553778537419119
"3773",3773,121,1,2023,5,54.5,50.1,0.433036259308998
"3774",3774,122,2,2023,5,51.5,45.9,0.343791966792821
"3775",3775,123,3,2023,5,50.8,45.5,0.438285923574655
"3776",3776,124,4,2023,5,46.4,41.2,0.569527530216091
"3777",3777,125,5,2023,5,48.3,40.9,0.643022829935295
"3778",3778,126,6,2023,5,55.1,43.8,0.879257721889879
"3779",3779,127,7,2023,5,57.6,45.8,0.590526187278721
"3780",3780,128,1,2023,5,58.6,51.5,0.637773165669637
"3781",3781,129,2,2023,5,52.7,37.5,0.627273837138322
"3782",3782,130,3,2023,5,51.4,41.3,0.464534244902942
"3783",3783,131,4,2023,5,57.5,48.1,0.580026858747406
"3784",3784,132,5,2023,5,59.4,51,1
"3785",3785,133,6,2023,5,60.4,52.9,0.627273837138322
"3786",3786,134,7,2023,5,52.9,39.8,0.580026858747406
"3787",3787,135,1,2023,5,54.8,43.6,0.454034916371627
"3788",3788,136,2,2023,5,57.3,51.1,0.564277865950433
"3789",3789,137,3,2023,5,54.2,43.3,0.79526309363936
"3790",3790,138,4,2023,5,48.8,26.5,0.742766450982786
"3791",3791,139,5,2023,5,52.5,43.2,0.706018801123184
"3792",3792,140,6,2023,5,57.3,54.7,0.637773165669637
"3793",3793,141,7,2023,5,59.9,56.6,0.548528873153461
"3794",3794,142,1,2023,5,55.9,49.1,0.564277865950433
"3795",3795,143,2,2023,5,51.6,42.2,0.480283237699915
"3796",3796,144,3,2023,5,48.2,44.4,0.501281894762544
"3797",3797,145,4,2023,5,55.1,46,0.616774508607008
"3798",3798,146,5,2023,5,56.4,45,0.616774508607008
"3799",3799,147,6,2023,5,56,44.7,0.637773165669637
"3800",3800,148,7,2023,5,59,50.8,0.464534244902942
"3801",3801,149,1,2023,5,59.2,49.8,0.375289952386766
"3802",3802,150,2,2023,5,51.7,44.4,0.564277865950433
"3803",3803,151,3,2023,5,55.8,51.1,0.459284580637285
"3804",3804,152,4,2023,6,60.6,56.8,0.821511414967647
"3805",3805,153,5,2023,6,60.9,59.4,0.700769136857526
"3806",3806,154,6,2023,6,54.3,52.5,0.196801367354413
"3807",3807,155,7,2023,6,49.9,44.8,0.406787937980711
"3808",3808,156,1,2023,6,52.3,48.3,0.391038945183738
"3809",3809,157,2,2023,6,60.1,52.7,0.4697839091686
"3810",3810,158,3,2023,6,58.2,51.2,0.422536930777683
"3811",3811,159,4,2023,6,57.6,51.8,0.28604565987059
"3812",3812,160,5,2023,6,56.8,53.5,0.569527530216091
"3813",3813,161,6,2023,6,58.2,54.4,0.590526187278721
"3814",3814,162,7,2023,6,61.5,56.7,0.380539616652423
"3815",3815,163,1,2023,6,61.8,59.5,0.580026858747406
"3816",3816,164,2,2023,6,61.4,60.5,0.501281894762544
"3817",3817,165,3,2023,6,62.6,58.5,0.580026858747406
"3818",3818,166,4,2023,6,62.1,58.3,0.553778537419119
"3819",3819,167,5,2023,6,63.8,59.7,0.690269808326212
"3820",3820,168,6,2023,6,62.2,60.3,0.480283237699915
"3821",3821,169,7,2023,6,61.1,58,0.716518129654499
"3822",3822,170,1,2023,6,61.1,55,0.433036259308998
"3823",3823,171,2,2023,6,57.7,52.7,0.532779880356489
"3824",3824,172,3,2023,6,58.8,53.2,0.4697839091686
"3825",3825,173,4,2023,6,58.5,54.9,0.26504700280796
"3826",3826,174,5,2023,6,63.4,61.5,0.401538273715053
"3827",3827,175,6,2023,6,64.9,64.4,0.559028201684776
"3828",3828,176,7,2023,6,65.5,65.2,0.574777194481748
"3829",3829,177,1,2023,6,67,66.3,0.574777194481748
"3830",3830,178,2,2023,6,66.5,65.8,0.490782566231229
"3831",3831,179,3,2023,6,66.8,65.8,0.328042973995849
"3832",3832,180,4,2023,6,66.8,65.1,0.438285923574655
"3833",3833,181,5,2023,6,65.6,63.5,0.459284580637285
"3834",3834,182,6,2023,7,66.7,65.9,0.270296667073617
"3835",3835,183,7,2023,7,66.8,66.2,0.349041631058479
"3836",3836,184,1,2023,7,70.8,69.3,0.501281894762544
"3837",3837,185,2,2023,7,68.9,68,0.26504700280796
"3838",3838,186,3,2023,7,68.6,67.9,0.522280551825174
"3839",3839,187,4,2023,7,68.1,67.2,0.443535587840312
"3840",3840,188,5,2023,7,66.5,65.8,0.475033573434257
"3841",3841,189,6,2023,7,71.1,69.1,0.349041631058479
"3842",3842,190,7,2023,7,69.9,68.6,0.333292638261506
"3843",3843,191,1,2023,7,65.6,65.1,0.44878525210597
"3844",3844,192,2,2023,7,71,65.2,0.511781223293859
"3845",3845,193,3,2023,7,73,68.5,0.538029544622146
"3846",3846,194,4,2023,7,71.2,69.4,0.548528873153461
"3847",3847,195,5,2023,7,69.7,68.9,0.490782566231229
"3848",3848,196,6,2023,7,71.5,70.2,0.380539616652423
"3849",3849,197,7,2023,7,71.5,70.6,0.553778537419119
"3850",3850,198,1,2023,7,71.3,70.2,0.690269808326212
"3851",3851,199,2,2023,7,71.1,69.6,0.354291295324136
"3852",3852,200,3,2023,7,71.9,69.7,0.259797338542303
"3853",3853,201,4,2023,7,71.7,68.4,0.548528873153461
"3854",3854,202,5,2023,7,66.1,65.1,0.758515443779758
"3855",3855,203,6,2023,7,69.5,67.9,0.543279208887804
"3856",3856,204,7,2023,7,72.1,65.7,0.364790623855451
"3857",3857,205,1,2023,7,70.1,66.8,0.364790623855451
"3858",3858,206,2,2023,7,70.8,67.8,0.643022829935295
"3859",3859,207,3,2023,7,73.1,69.4,0.475033573434257
"3860",3860,208,4,2023,7,72.8,71.1,0.333292638261506
"3861",3861,209,5,2023,7,75.9,71.5,0.569527530216091
"3862",3862,210,6,2023,7,73.3,72,0.480283237699915
"3863",3863,211,7,2023,7,68.4,61.3,0.406787937980711
"3864",3864,212,1,2023,7,70.3,59.9,0.42778659504334
"3865",3865,213,2,2023,8,69.6,60.3,0.538029544622146
"3866",3866,214,3,2023,8,66.7,57.6,0.401538273715053
"3867",3867,215,4,2023,8,64.4,57.3,0.433036259308998
"3868",3868,216,5,2023,8,67.2,59.3,0.490782566231229
"3869",3869,217,6,2023,8,70.1,67.5,0.433036259308998
"3870",3870,218,7,2023,8,70.5,61.8,0.4697839091686
"3871",3871,219,1,2023,8,68.5,65.7,0.349041631058479
"3872",3872,220,2,2023,8,70.9,69.3,0.322793309730192
"3873",3873,221,3,2023,8,71.8,65.1,0.42778659504334
"3874",3874,222,4,2023,8,71.1,66.6,0.590526187278721
"3875",3875,223,5,2023,8,71.5,66.6,0.501281894762544
"3876",3876,224,6,2023,8,69.6,68,0.643022829935295
"3877",3877,225,7,2023,8,70.5,69.3,0.496032230496887
"3878",3878,226,1,2023,8,70.8,66.4,0.480283237699915
"3879",3879,227,2,2023,8,69.6,68.6,0.396288609449396
"3880",3880,228,3,2023,8,66.6,65.1,0.433036259308998
"3881",3881,229,4,2023,8,65.7,65.1,0.123306067635209
"3882",3882,230,5,2023,8,70.4,70,0.616774508607008
"3883",3883,231,6,2023,8,68.3,61.2,0.496032230496887
"3884",3884,232,7,2023,8,69.7,63,0.433036259308998
"3885",3885,233,1,2023,8,71.1,68.2,0.396288609449396
"3886",3886,234,2,2023,8,67.9,61.5,0.275546331339275
"3887",3887,235,3,2023,8,64.3,53.7,0.228299352948358
"3888",3888,236,4,2023,8,62.1,54.9,0.301794652667562
"3889",3889,237,5,2023,8,66.6,63.9,0.343791966792821
"3890",3890,238,6,2023,8,69.6,69.2,0.391038945183738
"3891",3891,239,7,2023,8,68.9,67,0.370040288121109
"3892",3892,240,1,2023,8,66.2,63.4,0.28604565987059
"3893",3893,241,2,2023,8,66.7,66.4,0.233549017214015
"3894",3894,242,3,2023,8,69.6,69.6,0.412037602246368
"3895",3895,243,4,2023,8,66.8,57.6,0.695519472591869
"3896",3896,244,5,2023,9,63.7,51.8,0.580026858747406
"3897",3897,245,6,2023,9,61.2,55.4,0.548528873153461
"3898",3898,246,7,2023,9,67.7,64.1,0.422536930777683
"3899",3899,247,1,2023,9,70,65.9,0.454034916371627
"3900",3900,248,2,2023,9,72.6,66.6,0.559028201684776
"3901",3901,249,3,2023,9,73.2,67.5,0.595775851544378
"3902",3902,250,4,2023,9,72.6,70.6,0.664021486997925
"3903",3903,251,5,2023,9,70.9,70.1,0.42778659504334
"3904",3904,252,6,2023,9,71.1,69.8,0.475033573434257
"3905",3905,253,7,2023,9,69,68.8,0.333292638261506
"3906",3906,254,1,2023,9,68.9,68.8,0.601025515810035
"3907",3907,255,2,2023,9,69.5,68.7,0.538029544622146
"3908",3908,256,3,2023,9,69.2,68.3,0.42778659504334
"3909",3909,257,4,2023,9,69.9,67.3,0.664021486997925
"3910",3910,258,5,2023,9,64.7,58.9,0.496032230496887
"3911",3911,259,6,2023,9,62.9,56,0.580026858747406
"3912",3912,260,7,2023,9,65.1,57.4,0.181052374557441
"3913",3913,261,1,2023,9,64.8,63.2,0.527530216090832
"3914",3914,262,2,2023,9,65.9,62,0.559028201684776
"3915",3915,263,3,2023,9,62.2,56.7,0.564277865950433
"3916",3916,264,4,2023,9,61.5,56.3,0.543279208887804
"3917",3917,265,5,2023,9,60.6,53.8,0.553778537419119
"3918",3918,266,6,2023,9,59.5,56.4,0.412037602246368
"3919",3919,267,7,2023,9,61.2,60.6,0.527530216090832
"3920",3920,268,1,2023,9,61.6,59.6,0.301794652667562
"3921",3921,269,2,2023,9,59.7,54.6,0.490782566231229
"3922",3922,270,3,2023,9,56.7,48.7,0.601025515810035
"3923",3923,271,4,2023,9,58.5,53.9,0.669271151263582
"3924",3924,272,5,2023,9,60.3,58.2,0.732267122451471
"3925",3925,273,6,2023,9,60.7,60.3,0.364790623855451
"3926",3926,274,7,2023,10,61.1,57.5,0.349041631058479
"3927",3927,275,1,2023,10,60.7,55.8,0.506531559028202
"3928",3928,276,2,2023,10,59.5,53.5,0.706018801123184
"3929",3929,277,3,2023,10,64.8,62.5,0.553778537419119
"3930",3930,278,4,2023,10,61.3,60.6,0.585276523013063
"3931",3931,279,5,2023,10,63.3,62.2,0.674520815529239
"3932",3932,280,6,2023,10,63.6,63.2,0.480283237699915
"3933",3933,281,7,2023,10,59.4,53.1,0.24404834574533
"3935",3935,283,2,2023,10,57.7,50.2,0.543279208887804
"3936",3936,284,3,2023,10,56.6,52.8,0.532779880356489
"3937",3937,285,4,2023,10,58.5,55.6,0.501281894762544
"3938",3938,286,5,2023,10,56.9,48,0.695519472591869
"3939",3939,287,6,2023,10,55.1,46.3,0.543279208887804
"3940",3940,288,7,2023,10,53,48,0.559028201684776
"3941",3941,289,1,2023,10,54.1,46,0.590526187278721
"3942",3942,290,2,2023,10,53.8,49.9,0.496032230496887
"3943",3943,291,3,2023,10,53.4,49.6,0.385789280918081
"3944",3944,292,4,2023,10,53.9,49.3,0.716518129654499
"3945",3945,293,5,2023,10,59.4,57.4,0.847759736295934
"3946",3946,294,6,2023,10,59.5,58.2,0.559028201684776
"3947",3947,295,7,2023,10,57.4,46.9,0.443535587840312
"3948",3948,296,1,2023,10,52.8,44.3,0.548528873153461
"3949",3949,297,2,2023,10,53.8,48.2,0.438285923574655
"3950",3950,298,3,2023,10,59.5,55.4,0.590526187278721
"3951",3951,299,4,2023,10,62,58.1,0.63252350140398
"3952",3952,300,5,2023,10,60,59.1,0.532779880356489
"3953",3953,301,6,2023,10,62.7,59.7,0.926504700280796
"3954",3954,302,7,2023,10,56.8,49.8,0.359540959589794
"3955",3955,303,1,2023,10,56,54.9,0.553778537419119
"3956",3956,304,2,2023,10,49.1,38.4,0.501281894762544
"3957",3957,305,3,2023,11,43.9,35.9,0.412037602246368
"3958",3958,306,4,2023,11,42,32.6,0.280795995604932
"3959",3959,307,5,2023,11,44,33.8,0.616774508607008
"3960",3960,308,6,2023,11,56,51.5,0.317543645464534
"3961",3961,309,7,2023,11,53,48,0.307044316933219
"3962",3962,310,1,2023,11,48.4,43.7,0.517030887559516
"3963",3963,311,2,2023,11,56.2,51.5,0.312293981198877
"3964",3964,312,3,2023,11,48.1,34,0.464534244902942
"3965",3965,313,4,2023,11,45.3,37.5,0.333292638261506
"3966",3966,314,5,2023,11,49.4,39.9,0.202051031620071
"3967",3967,315,6,2023,11,47.9,34.4,0.622024172872665
"3968",3968,316,7,2023,11,41.2,29.6,0.28604565987059
"3969",3969,317,1,2023,11,39.7,29.6,0.664021486997925
"3970",3970,318,2,2023,11,41.8,35.1,0.459284580637285
"3971",3971,319,3,2023,11,45.1,36.6,0.496032230496887
"3972",3972,320,4,2023,11,52.5,46,0.538029544622146
"3973",3973,321,5,2023,11,51.9,50.1,0.779514100842388
"3974",3974,322,6,2023,11,54.5,52.7,0.538029544622146
"3975",3975,323,7,2023,11,44.3,32.3,0.511781223293859
"3976",3976,324,1,2023,11,41.7,27.6,0.721767793920156
"3977",3977,325,2,2023,11,38.7,24.2,0.952753021609083
"3978",3978,326,3,2023,11,48.4,45,0.61152484434135
"3980",3980,328,5,2023,11,45.6,34.4,0.228299352948358
"3981",3981,329,6,2023,11,34.5,20.9,0.170553046026126
"3982",3982,330,7,2023,11,35.5,28.8,0.160053717494811
"3983",3983,331,1,2023,11,50.8,46.8,0.454034916371627
"3984",3984,332,2,2023,11,40.5,25.3,0.26504700280796
"3985",3985,333,3,2023,11,34.1,17.7,0.317543645464534
"3986",3986,334,4,2023,11,41.6,29.4,0.485532901965572
"3987",3987,335,5,2023,12,49.2,44.4,0.79526309363936
"3988",3988,336,6,2023,12,50.2,49.3,0.433036259308998
"3989",3989,337,7,2023,12,46.6,46,0.42778659504334
"3990",3990,338,1,2023,12,48.1,45.2,0.485532901965572
"3991",3991,339,2,2023,12,41.4,35.5,0.42778659504334
"3992",3992,340,3,2023,12,36.5,29.5,0.228299352948358
"3993",3993,341,4,2023,12,31.6,21.7,0.475033573434257
"3994",3994,342,5,2023,12,35,25.7,0.511781223293859
"3995",3995,343,6,2023,12,42.3,39,0.496032230496887
"3996",3996,344,7,2023,12,50.3,49.5,0.196801367354413
"3997",3997,345,1,2023,12,51.6,49.7,0.61152484434135
"3998",3998,346,2,2023,12,39.5,28,0.706018801123184
"3999",3999,347,3,2023,12,44,32.5,0.44878525210597
"4000",4000,348,4,2023,12,33.8,16.6,0.527530216090832
"4001",4001,349,5,2023,12,42.4,32,0.685020144060554
"4002",4002,350,6,2023,12,46.5,37.8,0.317543645464534
"4003",4003,351,7,2023,12,46.8,42.2,0.317543645464534
"4004",4004,352,1,2023,12,54.4,53.5,0.622024172872665
"4005",4005,353,2,2023,12,46,38.9,0.485532901965572
"4006",4006,354,3,2023,12,39.1,30.8,0.553778537419119
"4007",4007,355,4,2023,12,37.1,24.8,0.553778537419119
"4008",4008,356,5,2023,12,32.2,21.6,0.758515443779758
"4009",4009,357,6,2023,12,31.8,24.6,0.207300695885728
"4010",4010,358,7,2023,12,44.1,41.4,0.196801367354413
"4013",4013,361,3,2023,12,45.9,45.2,0.291295324136247
"4014",4014,362,4,2023,12,52.1,52,0.496032230496887
"4015",4015,363,5,2023,12,45.5,45.3,0.443535587840312
"4016",4016,364,6,2023,12,45.2,42.8,0.259797338542303
